<?xml version="1.0" encoding="UTF-8" ?>
<extension type="package" version="3.8" method="upgrade">
	<name>English (en-GB) Language Pack</name>
	<packagename>en-GB</packagename>
	<version>3.9.5.1</version>
	<creationDate>April 2019</creationDate>
	<author>Joomla! Project</author>
	<authorEmail>admin@joomla.org</authorEmail>
	<authorUrl>www.joomla.org</authorUrl>
	<copyright>Copyright (C) 2005 - 2019 Open Source Matters, Inc. All rights reserved.</copyright>
	<license>https://www.gnu.org/licenses/gpl-2.0.html GNU/GPL</license>
	<url>https://github.com/joomla/joomla-cms</url>
	<packager>Joomla! Project</packager>
	<packagerurl>www.joomla.org</packagerurl>
	<description><![CDATA[en-GB language pack]]></description>
	<blockChildUninstall>true</blockChildUninstall>
	<files>
		<folder type="language" client="site" id="en-GB">language/en-GB</folder>
		<folder type="language" client="administrator" id="en-GB">administrator/language/en-GB</folder>
	</files>
	<updateservers>
		<server type="collection" priority="1" name="Accredited Joomla! Translations">
			https://update.joomla.org/language/translationlist_3.xml
		</server>
	</updateservers>
</extension>
